Workbook

Sheet arts_data
A1: 角色名 | B1: 外文名 | C1: 性别 | D1: 立绘编号 | E1: 文件名 | F1: 文件链接 | G1: logo | H1: 出处 | I1: 星级 | J1: 内部编号 | K1: 职业 | L1: 分支 | M1: 势力 | N1: 出身地 | O1: 时装品牌 | P1: 时装名
A2: 12F | B2: 12F | C2: 男性 | D2: 1 | E2: 立绘_12F_1.png | F2: https://media.prts.wiki/6/61/%E7%AB%8B%E7%BB%98_12F_1.png | G2: 罗德岛 | H2: 方舟干员 | I2: 2 | J2: R303 | K2: 术师 | L2: 扩散术师 | M2: 罗德岛 | N2: 不明 | O2: {=_xlfn.XLOOKUP(A2&D2, 时装半身像列表20260503!A$2:A$1000 & 时装半身像列表20260503!B$2:B$1000, 时装半身像列表20260503!C$2:C$1000, "")} | P2: {=_xlfn.XLOOKUP(A2&D2, 时装半身像列表20260503!A$2:A$1000 & 时装半身像列表20260503!B$2:B$1000, 时装半身像列表20260503!D$2:D$1000, "")}
A3: CONFESS-47 | B3: CONFESS-47 | C3: 其他 | D3: 1 | E3: 立绘_CONFESS-47_1.png | F3: https://media.prts.wiki/d/d0/%E7%AB%8B%E7%BB%98_CONFESS-47_1.png | G3: 拉特兰 | H3: 方舟干员 | I3: 1 | J3: LT47 | K3: 先锋 | L3: 尖兵 | M3: 拉特兰 | O3: {=_xlfn.XLOOKUP(A3&D3, 时装半身像列表20260503!A$2:A$1000 & 时装半身像列表20260503!B$2:B$1000, 时装半身像列表20260503!C$2:C$1000, "")} | P3: {=_xlfn.XLOOKUP(A3&D3, 时装半身像列表20260503!A$2:A$1000 & 时装半身像列表20260503!B$2:B$1000, 时装半身像列表20260503!D$2:D$1000, "")}
A4: Castle-3 | B4: Castle-3 | C4: 男性 | D4: 1 | E4: 立绘_Castle-3_1.png | F4: https://media.prts.wiki/9/95/%E7%AB%8B%E7%BB%98_Castle-3_1.png | G4: 罗德岛 | H4: 方舟干员 | I4: 1 | J4: RCX3 | K4: 近卫 | L4: 无畏者 | M4: 罗德岛 | O4: {=_xlfn.XLOOKUP(A4&D4, 时装半身像列表20260503!A$2:A$1000 & 时装半身像列表20260503!B$2:B$1000, 时装半身像列表20260503!C$2:C$1000, "")} | P4: {=_xlfn.XLOOKUP(A4&D4, 时装半身像列表20260503!A$2:A$1000 & 时装半身像列表20260503!B$2:B$1000, 时装半身像列表20260503!D$2:D$1000, "")}
A5: Castle-3 | B5: Castle-3 | C5: 男性 | D5: skin1 | E5: 立绘_Castle-3_skin1.png | F5: https://media.prts.wiki/e/e4/%E7%AB%8B%E7%BB%98_Castle-3_skin1.png | G5: 罗德岛 | H5: 方舟干员 | I5: 1 | J5: RCX3 | K5: 近卫 | L5: 无畏者 | M5: 罗德岛 | O5: {=_xlfn.XLOOKUP(A5&D5, 时装半身像列表20260503!A$2:A$1000 & 时装半身像列表20260503!B$2:B$1000, 时装半身像列表20260503!C$2:C$1000, "")} -> 珊瑚海岸 | P5: {=_xlfn.XLOOKUP(A5&D5, 时装半身像列表20260503!A$2:A$1000 & 时装半身像列表20260503!B$2:B$1000, 时装半身像列表20260503!D$2:D$1000, "")} -> SUM019.ver
A6: Friston-3 | B6: Friston-3 | C6: 男性 | D6: 1 | E6: 立绘_Friston-3_1.png | F6: https://media.prts.wiki/4/46/%E7%AB%8B%E7%BB%98_Friston-3_1.png | G6: 罗德岛 | H6: 方舟干员 | I6: 1 | J6: RCX5 | K6: 重装 | L6: 铁卫 | M6: 罗德岛 | O6: {=_xlfn.XLOOKUP(A6&D6, 时装半身像列表20260503!A$2:A$1000 & 时装半身像列表20260503!B$2:B$1000, 时装半身像列表20260503!C$2:C$1000, "")} | P6: {=_xlfn.XLOOKUP(A6&D6, 时装半身像列表20260503!A$2:A$1000 & 时装半身像列表20260503!B$2:B$1000, 时装半身像列表20260503!D$2:D$1000, "")}
A7: Lancet-2 | B7: Lancet-2 | C7: 女性 | D7: 1 | E7: 立绘_Lancet-2_1.png | F7: https://media.prts.wiki/8/8e/%E7%AB%8B%E7%BB%98_Lancet-2_1.png | G7: 罗德岛 | H7: 方舟干员 | I7: 1 | J7: RCX2 | K7: 医疗 | L7: 医师 | M7: 罗德岛 | O7: {=_xlfn.XLOOKUP(A7&D7, 时装半身像列表20260503!A$2:A$1000 & 时装半身像列表20260503!B$2:B$1000, 时装半身像列表20260503!C$2:C$1000, "")} | P7: {=_xlfn.XLOOKUP(A7&D7, 时装半身像列表20260503!A$2:A$1000 & 时装半身像列表20260503!B$2:B$1000, 时装半身像列表20260503!D$2:D$1000, "")}
A8: Lancet-2 | B8: Lancet-2 | C8: 女性 | D8: skin1 | E8: 立绘_Lancet-2_skin1.png | F8: https://media.prts.wiki/2/25/%E7%AB%8B%E7%BB%98_Lancet-2_skin1.png | G8: 罗德岛 | H8: 方舟干员 | I8: 1 | J8: RCX2 | K8: 医疗 | L8: 医师 | M8: 罗德岛 | O8: {=_xlfn.XLOOKUP(A8&D8, 时装半身像列表20260503!A$2:A$1000 & 时装半身像列表20260503!B$2:B$1000, 时装半身像列表20260503!C$2:C$1000, "")} -> 斗争血脉 | P8: {=_xlfn.XLOOKUP(A8&D8, 时装半身像列表20260503!A$2:A$1000 & 时装半身像列表20260503!B$2:B$1000, 时装半身像列表20260503!D$2:D$1000, "")} -> 海岸救援改装
A9: Miss.Christine | B9: Miss.Christine | C9: 其他 | D9: 1 | E9: 立绘_Miss.Christine_1.png | F9: https://media.prts.wiki/f/f0/%E7%AB%8B%E7%BB%98_Miss.Christine_1.png | G9: 维多利亚 | H9: 方舟干员 | I9: 5 | J9: MEOW | K9: 术师 | L9: 本源术师 | M9: 维多利亚 | N9: 未知 | O9: {=_xlfn.XLOOKUP(A9&D9, 时装半身像列表20260503!A$2:A$1000 & 时装半身像列表20260503!B$2:B$1000, 时装半身像列表20260503!C$2:C$1000, "")} | P9: {=_xlfn.XLOOKUP(A9&D9, 时装半身像列表20260503!A$2:A$1000 & 时装半身像列表20260503!B$2:B$1000, 时装半身像列表20260503!D$2:D$1000, "")}
A10: Miss.Christine | B10: Miss.Christine | C10: 其他 | D10: 2 | E10: 立绘_Miss.Christine_2.png | F10: https://media.prts.wiki/6/63/%E7%AB%8B%E7%BB%98_Miss.Christine_2.png | G10: 维多利亚 | H10: 方舟干员 | I10: 5 | J10: MEOW | K10: 术师 | L10: 本源术师 | M10: 维多利亚 | N10: 未知 | O10: {=_xlfn.XLOOKUP(A10&D10, 时装半身像列表20260503!A$2:A$1000 & 时装半身像列表20260503!B$2:B$1000, 时装半身像列表20260503!C$2:C$1000, "")} | P10: {=_xlfn.XLOOKUP(A10&D10, 时装半身像列表20260503!A$2:A$1000 & 时装半身像列表20260503!B$2:B$1000, 时装半身像列表20260503!D$2:D$1000, "")}
A11: Mon3tr | B11: Mon3tr | C11: 女性 | D11: 1 | E11: 立绘_Mon3tr_1.png | F11: https://media.prts.wiki/d/d7/%E7%AB%8B%E7%BB%98_Mon3tr_1.png | G11: 罗德岛 | H11: 方舟干员 | I11: 6 | J11: R003 | K11: 医疗 | L11: 链愈师 | M11: 罗德岛 | N11: 罗德岛 | O11: {=_xlfn.XLOOKUP(A11&D11, 时装半身像列表20260503!A$2:A$1000 & 时装半身像列表20260503!B$2:B$1000, 时装半身像列表20260503!C$2:C$1000, "")} | P11: {=_xlfn.XLOOKUP(A11&D11, 时装半身像列表20260503!A$2:A$1000 & 时装半身像列表20260503!B$2:B$1000, 时装半身像列表20260503!D$2:D$1000, "")}
A12: Mon3tr | B12: Mon3tr | C12: 女性 | D12: 2 | E12: 立绘_Mon3tr_2.png | F12: https://media.prts.wiki/8/88/%E7%AB%8B%E7%BB%98_Mon3tr_2.png | G12: 罗德岛 | H12: 方舟干员 | I12: 6 | J12: R003 | K12: 医疗 | L12: 链愈师 | M12: 罗德岛 | N12: 罗德岛 | O12: {=_xlfn.XLOOKUP(A12&D12, 时装半身像列表20260503!A$2:A$1000 & 时装半身像列表20260503!B$2:B$1000, 时装半身像列表20260503!C$2:C$1000, "")} | P12: {=_xlfn.XLOOKUP(A12&D12, 时装半身像列表20260503!A$2:A$1000 & 时装半身像列表20260503!B$2:B$1000, 时装半身像列表20260503!D$2:D$1000, "")}
A13: PhonoR-0 | B13: PhonoR-0 | C13: 女性 | D13: 1 | E13: 立绘_PhonoR-0_1.png | F13: https://media.prts.wiki/8/85/%E7%AB%8B%E7%BB%98_PhonoR-0_1.png | G13: 罗德岛 | H13: 方舟干员 | I13: 1 | J13: RCX6 | K13: 辅助 | L13: 巫役 | M13: 罗德岛 | O13: {=_xlfn.XLOOKUP(A13&D13, 时装半身像列表20260503!A$2:A$1000 & 时装半身像列表20260503!B$2:B$1000, 时装半身像列表20260503!C$2:C$1000, "")} | P13: {=_xlfn.XLOOKUP(A13&D13, 时装半身像列表20260503!A$2:A$1000 & 时装半身像列表20260503!B$2:B$1000, 时装半身像列表20260503!D$2:D$1000, "")}
A14: PhonoR-0 | B14: PhonoR-0 | C14: 女性 | D14: skin1 | E14: 立绘_PhonoR-0_skin1.png | F14: https://media.prts.wiki/2/2b/%E7%AB%8B%E7%BB%98_PhonoR-0_skin1.png | G14: 罗德岛 | H14: 方舟干员 | I14: 1 | J14: RCX6 | K14: 辅助 | L14: 巫役 | M14: 罗德岛 | O14: {=_xlfn.XLOOKUP(A14&D14, 时装半身像列表20260503!A$2:A$1000 & 时装半身像列表20260503!B$2:B$1000, 时装半身像列表20260503!C$2:C$1000, "")} -> 斗争血脉 | P14: {=_xlfn.XLOOKUP(A14&D14, 时装半身像列表20260503!A$2:A$1000 & 时装半身像列表20260503!B$2:B$1000, 时装半身像列表20260503!D$2:D$1000, "")} -> 最初的颂歌
A15: Pith | B15: Pith | C15: 女性 | D15: 1 | E15: 立绘_Pith_1.png | F15: https://media.prts.wiki/e/e2/%E7%AB%8B%E7%BB%98_Pith_1.png | G15: 罗德岛 | H15: 方舟特殊 | K15: 术师 | L15: 扩散术师 | M15: 罗德岛 | N15: 维多利亚 | O15: {=_xlfn.XLOOKUP(A15&D15, 时装半身像列表20260503!A$2:A$1000 & 时装半身像列表20260503!B$2:B$1000, 时装半身像列表20260503!C$2:C$1000, "")} | P15: {=_xlfn.XLOOKUP(A15&D15, 时装半身像列表20260503!A$2:A$1000 & 时装半身像列表20260503!B$2:B$1000, 时装半身像列表20260503!D$2:D$1000, "")}
A16: Sharp | B16: Sharp | C16: 男性 | D16: 1 | E16: 立绘_Sharp_1.png | F16: https://media.prts.wiki/f/f3/%E7%AB%8B%E7%BB%98_Sharp_1.png | G16: 罗德岛 | H16: 方舟特殊 | K16: 近卫 | L16: 无畏者 | M16: 罗德岛 | N16: 哥伦比亚 | O16: {=_xlfn.XLOOKUP(A16&D16, 时装半身像列表20260503!A$2:A$1000 & 时装半身像列表20260503!B$2:B$1000, 时装半身像列表20260503!C$2:C$1000, "")} | P16: {=_xlfn.XLOOKUP(A16&D16, 时装半身像列表20260503!A$2:A$1000 & 时装半身像列表20260503!B$2:B$1000, 时装半身像列表20260503!D$2:D$1000, "")}
A17: Stormeye | B17: Stormeye | C17: 男性 | D17: 1 | E17: 立绘_Stormeye_1.png | F17: https://media.prts.wiki/5/51/%E7%AB%8B%E7%BB%98_Stormeye_1.png | G17: 罗德岛 | H17: 方舟特殊 | K17: 狙击 | L17: 速射手 | M17: 罗德岛 | N17: 卡兹戴尔 | O17: {=_xlfn.XLOOKUP(A17&D17, 时装半身像列表20260503!A$2:A$1000 & 时装半身像列表20260503!B$2:B$1000, 时装半身像列表20260503!C$2:C$1000, "")} | P17: {=_xlfn.XLOOKUP(A17&D17, 时装半身像列表20260503!A$2:A$1000 & 时装半身像列表20260503!B$2:B$1000, 时装半身像列表20260503!D$2:D$1000, "")}
A18: THRM-EX | B18: Thermal-EX | C18: 男性 | D18: 1 | E18: 立绘_THRM-EX_1.png | F18: https://media.prts.wiki/8/8a/%E7%AB%8B%E7%BB%98_THRM-EX_1.png | G18: 罗德岛 | H18: 方舟干员 | I18: 1 | J18: RCX4 | K18: 特种 | L18: 处决者 | M18: 罗德岛 | O18: {=_xlfn.XLOOKUP(A18&D18, 时装半身像列表20260503!A$2:A$1000 & 时装半身像列表20260503!B$2:B$1000, 时装半身像列表20260503!C$2:C$1000, "")} | P18: {=_xlfn.XLOOKUP(A18&D18, 时装半身像列表20260503!A$2:A$1000 & 时装半身像列表20260503!B$2:B$1000, 时装半身像列表20260503!D$2:D$1000, "")}
A19: THRM-EX | B19: Thermal-EX | C19: 男性 | D19: skin1 | E19: 立绘_THRM-EX_skin1.png | F19: https://media.prts.wiki/a/aa/%E7%AB%8B%E7%BB%98_THRM-EX_skin1.png | G19: 罗德岛 | H19: 方舟干员 | I19: 1 | J19: RCX4 | K19: 特种 | L19: 处决者 | M19: 罗德岛 | O19: {=_xlfn.XLOOKUP(A19&D19, 时装半身像列表20260503!A$2:A$1000 & 时装半身像列表20260503!B$2:B$1000, 时装半身像列表20260503!C$2:C$1000, "")} -> 玛尔特 | P19: {=_xlfn.XLOOKUP(A19&D19, 时装半身像列表20260503!A$2:A$1000 & 时装半身像列表20260503!B$2:B$1000, 时装半身像列表20260503!D$2:D$1000, "")} -> 双料四分卫
A20: Touch | B20: Touch | C20: 女性 | D20: 1 | E20: 立绘_Touch_1.png | F20: https://media.prts.wiki/9/93/%E7%AB%8B%E7%BB%98_Touch_1.png | G20: 罗德岛 | H20: 方舟特殊 | K20: 医疗 | L20: 医师 | M20: 罗德岛 | N20: 莱塔尼亚 | O20: {=_xlfn.XLOOKUP(A20&D20, 时装半身像列表20260503!A$2:A$1000 & 时装半身像列表20260503!B$2:B$1000, 时装半身像列表20260503!C$2:C$1000, "")} | P20: {=_xlfn.XLOOKUP(A20&D20, 时装半身像列表20260503!A$2:A$1000 & 时装半身像列表20260503!B$2:B$1000, 时装半身像列表20260503!D$2:D$1000, "")}
A21: U-Official | B21: U-Official | C21: 女性 | D21: 1 | E21: 立绘_U-Official_1.png | F21: https://media.prts.wiki/7/74/%E7%AB%8B%E7%BB%98_U-Official_1.png | G21: 罗德岛 | H21: 方舟干员 | I21: 1 | J21: U007 | K21: 辅助 | L21: 吟游者 | M21: 罗德岛 | N21: 未公开 | O21: {=_xlfn.XLOOKUP(A21&D21, 时装半身像列表20260503!A$2:A$1000 & 时装半身像列表20260503!B$2:B$1000, 时装半身像列表20260503!C$2:C$1000, "")} | P21: {=_xlfn.XLOOKUP(A21&D21, 时装半身像列表20260503!A$2:A$1000 & 时装半身像列表20260503!B$2:B$1000, 时装半身像列表20260503!D$2:D$1000, "")}
A22: U-Official | B22: U-Official | C22: 女性 | D22: skin1 | E22: 立绘_U-Official_skin1.png | F22: https://media.prts.wiki/3/39/%E7%AB%8B%E7%BB%98_U-Official_skin1.png | G22: 罗德岛 | H22: 方舟干员 | I22: 1 | J22: U007 | K22: 辅助 | L22: 吟游者 | M22: 罗德岛 | N22: 未公开 | O22: {=_xlfn.XLOOKUP(A22&D22, 时装半身像列表20260503!A$2:A$1000 & 时装半身像列表20260503!B$2:B$1000, 时装半身像列表20260503!C$2:C$1000, "")} -> 合作款 | P22: {=_xlfn.XLOOKUP(A22&D22, 时装半身像列表20260503!A$2:A$1000 & 时装半身像列表20260503!B$2:B$1000, 时装半身像列表20260503!D$2:D$1000, "")} -> 云上直播间
A23: W | B23: W | C23: 女性 | D23: 1 | E23: 立绘_W_1.png | F23: https://media.prts.wiki/4/44/%E7%AB%8B%E7%BB%98_W_1.png | G23: 巴别塔 | H23: 方舟干员 | I23: 6 | J23: B214 | K23: 狙击 | L23: 炮手 | M23: 巴别塔 | N23: 卡兹戴尔 | O23: {=_xlfn.XLOOKUP(A23&D23, 时装半身像列表20260503!A$2:A$1000 & 时装半身像列表20260503!B$2:B$1000, 时装半身像列表20260503!C$2:C$1000, "")} | P23: {=_xlfn.XLOOKUP(A23&D23, 时装半身像列表20260503!A$2:A$1000 & 时装半身像列表20260503!B$2:B$1000, 时装半身像列表20260503!D$2:D$1000, "")}
A24: W | B24: W | C24: 女性 | D24: 2 | E24: 立绘_W_2.png | F24: https://media.prts.wiki/3/39/%E7%AB%8B%E7%BB%98_W_2.png | G24: 巴别塔 | H24: 方舟干员 | I24: 6 | J24: B214 | K24: 狙击 | L24: 炮手 | M24: 巴别塔 | N24: 卡兹戴尔 | O24: {=_xlfn.XLOOKUP(A24&D24, 时装半身像列表20260503!A$2:A$1000 & 时装半身像列表20260503!B$2:B$1000, 时装半身像列表20260503!C$2:C$1000, "")} | P24: {=_xlfn.XLOOKUP(A24&D24, 时装半身像列表20260503!A$2:A$1000 & 时装半身像列表20260503!B$2:B$1000, 时装半身像列表20260503!D$2:D$1000, "")}
A25: W | B25: W | C25: 女性 | D25: skin1 | E25: 立绘_W_skin1.png | F25: https://media.prts.wiki/a/a3/%E7%AB%8B%E7%BB%98_W_skin1.png | G25: 巴别塔 | H25: 方舟干员 | I25: 6 | J25: B214 | K25: 狙击 | L25: 炮手 | M25: 巴别塔 | N25: 卡兹戴尔 | O25: {=_xlfn.XLOOKUP(A25&D25, 时装半身像列表20260503!A$2:A$1000 & 时装半身像列表20260503!B$2:B$1000, 时装半身像列表20260503!C$2:C$1000, "")} -> 时代 | P25: {=_xlfn.XLOOKUP(A25&D25, 时装半身像列表20260503!A$2:A$1000 & 时装半身像列表20260503!B$2:B$1000, 时装半身像列表20260503!D$2:D$1000, "")} -> 恍惚
A26: 万顷 | B26: Wanqing | C26: 男性 | D26: 1 | E26: 立绘_万顷_1.png | F26: https://media.prts.wiki/7/76/%E7%AB%8B%E7%BB%98_%E4%B8%87%E9%A1%B7_1.png | G26: 炎 | H26: 方舟干员 | I26: 5 | J26: YD13 | K26: 先锋 | L26: 执旗手 | M26: 炎 | N26: 炎 | O26: {=_xlfn.XLOOKUP(A26&D26, 时装半身像列表20260503!A$2:A$1000 & 时装半身像列表20260503!B$2:B$1000, 时装半身像列表20260503!C$2:C$1000, "")} | P26: {=_xlfn.XLOOKUP(A26&D26, 时装半身像列表20260503!A$2:A$1000 & 时装半身像列表20260503!B$2:B$1000, 时装半身像列表20260503!D$2:D$1000, "")}
A27: 万顷 | B27: Wanqing | C27: 男性 | D27: 2 | E27: 立绘_万顷_2.png | F27: https://media.prts.wiki/9/9e/%E7%AB%8B%E7%BB%98_%E4%B8%87%E9%A1%B7_2.png | G27: 炎 | H27: 方舟干员 | I27: 5 | J27: YD13 | K27: 先锋 | L27: 执旗手 | M27: 炎 | N27: 炎 | O27: {=_xlfn.XLOOKUP(A27&D27, 时装半身像列表20260503!A$2:A$1000 & 时装半身像列表20260503!B$2:B$1000, 时装半身像列表20260503!C$2:C$1000, "")} | P27: {=_xlfn.XLOOKUP(A27&D27, 时装半身像列表20260503!A$2:A$1000 & 时装半身像列表20260503!B$2:B$1000, 时装半身像列表20260503!D$2:D$1000, "")}
A28: 万顷 | B28: Wanqing | C28: 男性 | D28: skin1 | E28: 立绘_万顷_skin1.png | F28: https://media.prts.wiki/c/c6/%E7%AB%8B%E7%BB%98_%E4%B8%87%E9%A1%B7_skin1.png | G28: 炎 | H28: 方舟干员 | I28: 5 | J28: YD13 | K28: 先锋 | L28: 执旗手 | M28: 炎 | N28: 炎 | O28: {=_xlfn.XLOOKUP(A28&D28, 时装半身像列表20260503!A$2:A$1000 & 时装半身像列表20260503!B$2:B$1000, 时装半身像列表20260503!C$2:C$1000, "")} -> 时代 | P28: {=_xlfn.XLOOKUP(A28&D28, 时装半身像列表20260503!A$2:A$1000 & 时装半身像列表20260503!B$2:B$1000, 时装半身像列表20260503!D$2:D$1000, "")} -> 万顷阳光
A29: 三角初华 | B29: Misumi Uika | C29: 女性 | D29: 1 | E29: 立绘_三角初华_1.png | F29: https://media.prts.wiki/a/af/%E7%AB%8B%E7%BB%98_%E4%B8%89%E8%A7%92%E5%88%9D%E5%8D%8E_1.png | G29: 罗德岛 | H29: 方舟干员 | I29: 5 | J29: AM03 | K29: 辅助 | L29: 吟游者 | M29: Ave Mujica | N29: 未知 | O29: {=_xlfn.XLOOKUP(A29&D29, 时装半身像列表20260503!A$2:A$1000 & 时装半身像列表20260503!B$2:B$1000, 时装半身像列表20260503!C$2:C$1000, "")} | P29: {=_xlfn.XLOOKUP(A29&D29, 时装半身像列表20260503!A$2:A$1000 & 时装半身像列表20260503!B$2:B$1000, 时装半身像列表20260503!D$2:D$1000, "")}
A30: 三角初华 | B30: Misumi Uika | C30: 女性 | D30: 2 | E30: 立绘_三角初华_2.png | F30: https://media.prts.wiki/1/1d/%E7%AB%8B%E7%BB%98_%E4%B8%89%E8%A7%92%E5%88%9D%E5%8D%8E_2.png | G30: 罗德岛 | H30: 方舟干员 | I30: 5 | J30: AM03 | K30: 辅助 | L30: 吟游者 | M30: Ave Mujica | N30: 未知 | O30: {=_xlfn.XLOOKUP(A30&D30, 时装半身像列表20260503!A$2:A$1000 & 时装半身像列表20260503!B$2:B$1000, 时装半身像列表20260503!C$2:C$1000, "")} | P30: {=_xlfn.XLOOKUP(A30&D30, 时装半身像列表20260503!A$2:A$1000 & 时装半身像列表20260503!B$2:B$1000, 时装半身像列表20260503!D$2:D$1000, "")}
A31: 三角初华 | B31: Misumi Uika | C31: 女性 | D31: skin1 | E31: 立绘_三角初华_skin1.png | F31: https://media.prts.wiki/5/5a/%E7%AB%8B%E7%BB%98_%E4%B8%89%E8%A7%92%E5%88%9D%E5%8D%8E_skin1.png | G31: 罗德岛 | H31: 方舟干员 | I31: 5 | J31: AM03 | K31: 辅助 | L31: 吟游者 | M31: Ave Mujica | N31: 未知 | O31: {=_xlfn.XLOOKUP(A31&D31, 时装半身像列表20260503!A$2:A$1000 & 时装半身像列表20260503!B$2:B$1000, 时装半身像列表20260503!C$2:C$1000, "")} -> 合作款 | P31: {=_xlfn.XLOOKUP(A31&D31, 时装半身像列表20260503!A$2:A$1000 & 时装半身像列表20260503!B$2:B$1000, 时装半身像列表20260503!D$2:D$1000, "")} -> 笼中歌者
A32: 丰川祥子 | B32: Togawa Sakiko | C32: 女性 | D32: 1 | E32: 立绘_丰川祥子_1.png | F32: https://media.prts.wiki/a/aa/%E7%AB%8B%E7%BB%98_%E4%B8%B0%E5%B7%9D%E7%A5%A5%E5%AD%90_1.png | G32: 罗德岛 | H32: 方舟干员 | I32: 6 | J32: AM01 | K32: 近卫 | L32: 领主 | M32: Ave Mujica | N32: 未知 | O32: {=_xlfn.XLOOKUP(A32&D32, 时装半身像列表20260503!A$2:A$1000 & 时装半身像列表20260503!B$2:B$1000, 时装半身像列表20260503!C$2:C$1000, "")} | P32: {=_xlfn.XLOOKUP(A32&D32, 时装半身像列表20260503!A$2:A$1000 & 时装半身像列表20260503!B$2:B$1000, 时装半身像列表20260503!D$2:D$1000, "")}
A33: 丰川祥子 | B33: Togawa Sakiko | C33: 女性 | D33: 2 | E33: 立绘_丰川祥子_2.png | F33: https://media.prts.wiki/e/e1/%E7%AB%8B%E7%BB%98_%E4%B8%B0%E5%B7%9D%E7%A5%A5%E5%AD%90_2.png | G33: 罗德岛 | H33: 方舟干员 | I33: 6 | J33: AM01 | K33: 近卫 | L33: 领主 | M33: Ave Mujica | N33: 未知 | O33: {=_xlfn.XLOOKUP(A33&D33, 时装半身像列表20260503!A$2:A$1000 & 时装半身像列表20260503!B$2:B$1000, 时装半身像列表20260503!C$2:C$1000, "")} | P33: {=_xlfn.XLOOKUP(A33&D33, 时装半身像列表20260503!A$2:A$1000 & 时装半身像列表20260503!B$2:B$1000, 时装半身像列表20260503!D$2:D$1000, "")}
A34: 丰川祥子 | B34: Togawa Sakiko | C34: 女性 | D34: skin1 | E34: 立绘_丰川祥子_skin1.png | F34: https://media.prts.wiki/f/f4/%E7%AB%8B%E7%BB%98_%E4%B8%B0%E5%B7%9D%E7%A5%A5%E5%AD%90_skin1.png | G34: 罗德岛 | H34: 方舟干员 | I34: 6 | J34: AM01 | K34: 近卫 | L34: 领主 | M34: Ave Mujica | N34: 未知 | O34: {=_xlfn.XLOOKUP(A34&D34, 时装半身像列表20260503!A$2:A$1000 & 时装半身像列表20260503!B$2:B$1000, 时装半身像列表20260503!C$2:C$1000, "")} -> 合作款 | P34: {=_xlfn.XLOOKUP(A34&D34, 时装半身像列表20260503!A$2:A$1000 & 时装半身像列表20260503!B$2:B$1000, 时装半身像列表20260503!D$2:D$1000, "")} -> 旋律的主人
A35: 临光 | B35: Nearl | C35: 女性 | D35: 1 | E35: 立绘_临光_1.png | F35: https://media.prts.wiki/e/e4/%E7%AB%8B%E7%BB%98_%E4%B8%B4%E5%85%89_1.png | G35: 使徒 | H35: 方舟干员 | I35: 5 | J35: FO02 | K35: 重装 | L35: 守护者 | M35: 使徒 | N35: 卡西米尔 | O35: {=_xlfn.XLOOKUP(A35&D35, 时装半身像列表20260503!A$2:A$1000 & 时装半身像列表20260503!B$2:B$1000, 时装半身像列表20260503!C$2:C$1000, "")} | P35: {=_xlfn.XLOOKUP(A35&D35, 时装半身像列表20260503!A$2:A$1000 & 时装半身像列表20260503!B$2:B$1000, 时装半身像列表20260503!D$2:D$1000, "")}
A36: 临光 | B36: Nearl | C36: 女性 | D36: 2 | E36: 立绘_临光_2.png | F36: https://media.prts.wiki/5/5f/%E7%AB%8B%E7%BB%98_%E4%B8%B4%E5%85%89_2.png | G36: 使徒 | H36: 方舟干员 | I36: 5 | J36: FO02 | K36: 重装 | L36: 守护者 | M36: 使徒 | N36: 卡西米尔 | O36: {=_xlfn.XLOOKUP(A36&D36, 时装半身像列表20260503!A$2:A$1000 & 时装半身像列表20260503!B$2:B$1000, 时装半身像列表20260503!C$2:C$1000, "")} | P36: {=_xlfn.XLOOKUP(A36&D36, 时装半身像列表20260503!A$2:A$1000 & 时装半身像列表20260503!B$2:B$1000, 时装半身像列表20260503!D$2:D$1000, "")}
A37: 临光 | B37: Nearl | C37: 女性 | D37: skin1 | E37: 立绘_临光_skin1.png | F37: https://media.prts.wiki/8/82/%E7%AB%8B%E7%BB%98_%E4%B8%B4%E5%85%89_skin1.png | G37: 使徒 | H37: 方舟干员 | I37: 5 | J37: FO02 | K37: 重装 | L37: 守护者 | M37: 使徒 | N37: 卡西米尔 | O37: {=_xlfn.XLOOKUP(A37&D37, 时装半身像列表20260503!A$2:A$1000 & 时装半身像列表20260503!B$2:B$1000, 时装半身像列表20260503!C$2:C$1000, "")} -> 珊瑚海岸 | P37: {=_xlfn.XLOOKUP(A37&D37, 时装半身像列表20260503!A$2:A$1000 & 时装半身像列表20260503!B$2:B$1000, 时装半身像列表20260503!D$2:D$1000, "")} -> 灿阳朝露 SD01
A38: 乌啾 | B38: Укусик | C38: 女性 | D38: 1 | E38: 立绘_乌啾_1.png | F38: https://media.prts.wiki/9/90/%E7%AB%8B%E7%BB%98_%E4%B9%8C%E5%95%BE_1.png | G38: 乌萨斯 | H38: 方舟干员 | I38: 5 | J38: US39 | K38: 医疗 | L38: 链愈师 | M38: 乌萨斯 | N38: 乌萨斯 | O38: {=_xlfn.XLOOKUP(A38&D38, 时装半身像列表20260503!A$2:A$1000 & 时装半身像列表20260503!B$2:B$1000, 时装半身像列表20260503!C$2:C$1000, "")} | P38: {=_xlfn.XLOOKUP(A38&D38, 时装半身像列表20260503!A$2:A$1000 & 时装半身像列表20260503!B$2:B$1000, 时装半身像列表20260503!D$2:D$1000, "")}
A39: 乌啾 | B39: Укусик | C39: 女性 | D39: 2 | E39: 立绘_乌啾_2.png | F39: https://media.prts.wiki/7/7e/%E7%AB%8B%E7%BB%98_%E4%B9%8C%E5%95%BE_2.png | G39: 乌萨斯 | H39: 方舟干员 | I39: 5 | J39: US39 | K39: 医疗 | L39: 链愈师 | M39: 乌萨斯 | N39: 乌萨斯 | O39: {=_xlfn.XLOOKUP(A39&D39, 时装半身像列表20260503!A$2:A$1000 & 时装半身像列表20260503!B$2:B$1000, 时装半身像列表20260503!C$2:C$1000, "")} | P39: {=_xlfn.XLOOKUP(A39&D39, 时装半身像列表20260503!A$2:A$1000 & 时装半身像列表20260503!B$2:B$1000, 时装半身像列表20260503!D$2:D$1000, "")}
A40: 乌尔比安 | B40: Ulpianus | C40: 男性 | D40: 1 | E40: 立绘_乌尔比安_1.png | F40: https://media.prts.wiki/1/11/%E7%AB%8B%E7%BB%98_%E4%B9%8C%E5%B0%94%E6%AF%94%E5%AE%89_1.png | G40: 深海猎人 | H40: 方舟干员 | I40: 6 | J40: AA00 | K40: 近卫 | L40: 重剑手 | M40: 深海猎人 | N40: 阿戈尔 | O40: {=_xlfn.XLOOKUP(A40&D40, 时装半身像列表20260503!A$2:A$1000 & 时装半身像列表20260503!B$2:B$1000, 时装半身像列表20260503!C$2:C$1000, "")} | P40: {=_xlfn.XLOOKUP(A40&D40, 时装半身像列表20260503!A$2:A$1000 & 时装半身像列表20260503!B$2:B$1000, 时装半身像列表20260503!D$2:D$1000, "")}
A41: 乌尔比安 | B41: Ulpianus | C41: 男性 | D41: 2 | E41: 立绘_乌尔比安_2.png | F41: https://media.prts.wiki/e/e7/%E7%AB%8B%E7%BB%98_%E4%B9%8C%E5%B0%94%E6%AF%94%E5%AE%89_2.png | G41: 深海猎人 | H41: 方舟干员 | I41: 6 | J41: AA00 | K41: 近卫 | L41: 重剑手 | M41: 深海猎人 | N41: 阿戈尔 | O41: {=_xlfn.XLOOKUP(A41&D41, 时装半身像列表20260503!A$2:A$1000 & 时装半身像列表20260503!B$2:B$1000, 时装半身像列表20260503!C$2:C$1000, "")} | P41: {=_xlfn.XLOOKUP(A41&D41, 时装半身像列表20260503!A$2:A$1000 & 时装半身像列表20260503!B$2:B$1000, 时装半身像列表20260503!D$2:D$1000, "")}
A42: 乌尔比安 | B42: Ulpianus | C42: 男性 | D42: skin1 | E42: 立绘_乌尔比安_skin1.png | F42: https://media.prts.wiki/8/88/%E7%AB%8B%E7%BB%98_%E4%B9%8C%E5%B0%94%E6%AF%94%E5%AE%89_skin1.png | G42: 深海猎人 | H42: 方舟干员 | I42: 6 | J42: AA00 | K42: 近卫 | L42: 重剑手 | M42: 深海猎人 | N42: 阿戈尔 | O42: {=_xlfn.XLOOKUP(A42&D42, 时装半身像列表20260503!A$2:A$1000 & 时装半身像列表20260503!B$2:B$1000, 时装半身像列表20260503!C$2:C$1000, "")} -> 时代 | P42: {=_xlfn.XLOOKUP(A42&D42, 时装半身像列表20260503!A$2:A$1000 & 时装半身像列表20260503!B$2:B$1000, 时装半身像列表20260503!D$2:D$1000, "")} -> 注目深渊
A43: 乌有 | B43: Mr.Nothing | C43: 男性 | D43: 1 | E43: 立绘_乌有_1.png | F43: https://media.prts.wiki/b/bb/%E7%AB%8B%E7%BB%98_%E4%B9%8C%E6%9C%89_1.png | G43: 炎 | H43: 方舟干员 | I43: 5 | J43: YD11 | K43: 特种 | L43: 行商 | M43: 炎 | N43: 炎 | O43: {=_xlfn.XLOOKUP(A43&D43, 时装半身像列表20260503!A$2:A$1000 & 时装半身像列表20260503!B$2:B$1000, 时装半身像列表20260503!C$2:C$1000, "")} | P43: {=_xlfn.XLOOKUP(A43&D43, 时装半身像列表20260503!A$2:A$1000 & 时装半身像列表20260503!B$2:B$1000, 时装半身像列表20260503!D$2:D$1000, "")}
A44: 乌有 | B44: Mr.Nothing | C44: 男性 | D44: 2 | E44: 立绘_乌有_2.png | F44: https://media.prts.wiki/6/68/%E7%AB%8B%E7%BB%98_%E4%B9%8C%E6%9C%89_2.png | G44: 炎 | H44: 方舟干员 | I44: 5 | J44: YD11 | K44: 特种 | L44: 行商 | M44: 炎 | N44: 炎 | O44: {=_xlfn.XLOOKUP(A44&D44, 时装半身像列表20260503!A$2:A$1000 & 时装半身像列表20260503!B$2:B$1000, 时装半身像列表20260503!C$2:C$1000, "")} | P44: {=_xlfn.XLOOKUP(A44&D44, 时装半身像列表20260503!A$2:A$1000 & 时装半身像列表20260503!B$2:B$1000, 时装半身像列表20260503!D$2:D$1000, "")}
A45: 乌有 | B45: Mr.Nothing | C45: 男性 | D45: skin1 | E45: 立绘_乌有_skin1.png | F45: https://media.prts.wiki/2/2f/%E7%AB%8B%E7%BB%98_%E4%B9%8C%E6%9C%89_skin1.png | G45: 炎 | H45: 方舟干员 | I45: 5 | J45: YD11 | K45: 特种 | L45: 行商 | M45: 炎 | N45: 炎 | O45: {=_xlfn.XLOOKUP(A45&D45, 时装半身像列表20260503!A$2:A$1000 & 时装半身像列表20260503!B$2:B$1000, 时装半身像列表20260503!C$2:C$1000, "")} -> 0011™制造 | P45: {=_xlfn.XLOOKUP(A45&D45, 时装半身像列表20260503!A$2:A$1000 & 时装半身像列表20260503!B$2:B$1000, 时装半身像列表20260503!D$2:D$1000, "")} -> 冷山月
A46: 九色鹿 | B46: Nine-Colored Deer | C46: 女性 | D46: 1 | E46: 立绘_九色鹿_1.png | F46: https://media.prts.wiki/5/5e/%E7%AB%8B%E7%BB%98_%E4%B9%9D%E8%89%B2%E9%B9%BF_1.png | G46: 炎 | H46: 方舟干员 | I46: 5 | J46: YD09 | K46: 辅助 | L46: 护佑者 | M46: 炎 | N46: 炎 | O46: {=_xlfn.XLOOKUP(A46&D46, 时装半身像列表20260503!A$2:A$1000 & 时装半身像列表20260503!B$2:B$1000, 时装半身像列表20260503!C$2:C$1000, "")} | P46: {=_xlfn.XLOOKUP(A46&D46, 时装半身像列表20260503!A$2:A$1000 & 时装半身像列表20260503!B$2:B$1000, 时装半身像列表20260503!D$2:D$1000, "")}
A47: 九色鹿 | B47: Nine-Colored Deer | C47: 女性 | D47: 2 | E47: 立绘_九色鹿_2.png | F47: https://media.prts.wiki/b/b6/%E7%AB%8B%E7%BB%98_%E4%B9%9D%E8%89%B2%E9%B9%BF_2.png | G47: 炎 | H47: 方舟干员 | I47: 5 | J47: YD09 | K47: 辅助 | L47: 护佑者 | M47: 炎 | N47: 炎 | O47: {=_xlfn.XLOOKUP(A47&D47, 时装半身像列表20260503!A$2:A$1000 & 时装半身像列表20260503!B$2:B$1000, 时装半身像列表20260503!C$2:C$1000, "")} | P47: {=_xlfn.XLOOKUP(A47&D47, 时装半身像列表20260503!A$2:A$1000 & 时装半身像列表20260503!B$2:B$1000, 时装半身像列表20260503!D$2:D$1000, "")}
A48: 九色鹿 | B48: Nine-Colored Deer | C48: 女性 | D48: skin1 | E48: 立绘_九色鹿_skin1.png | F48: https://media.prts.wiki/2/24/%E7%AB%8B%E7%BB%98_%E4%B9%9D%E8%89%B2%E9%B9%BF_skin1.png | G48: 炎 | H48: 方舟干员 | I48: 5 | J48: YD09 | K48: 辅助 | L48: 护佑者 | M48: 炎 | N48: 炎 | O48: {=_xlfn.XLOOKUP(A48&D48, 时装半身像列表20260503!A$2:A$1000 & 时装半身像列表20260503!B$2:B$1000, 时装半身像列表20260503!C$2:C$1000, "")} -> 合作款 | P48: {=_xlfn.XLOOKUP(A48&D48, 时装半身像列表20260503!A$2:A$1000 & 时装半身像列表20260503!B$2:B$1000, 时装半身像列表20260503!D$2:D$1000, "")} -> 古往今来的月
A49: 云迹 | B49: Contrail | C49: 女性 | D49: 1 | E49: 立绘_云迹_1.png | F49: https://media.prts.wiki/c/ca/%E7%AB%8B%E7%BB%98_%E4%BA%91%E8%BF%B9_1.png | G49: 哥伦比亚 | H49: 方舟干员 | I49: 4 | J49: CB33 | K49: 特种 | L49: 巡空者 | M49: 哥伦比亚 | N49: 哥伦比亚 | O49: {=_xlfn.XLOOKUP(A49&D49, 时装半身像列表20260503!A$2:A$1000 & 时装半身像列表20260503!B$2:B$1000, 时装半身像列表20260503!C$2:C$1000, "")} | P49: {=_xlfn.XLOOKUP(A49&D49, 时装半身像列表20260503!A$2:A$1000 & 时装半身像列表20260503!B$2:B$1000, 时装半身像列表20260503!D$2:D$1000, "")}
A50: 云迹 | B50: Contrail | C50: 女性 | D50: 2 | E50: 立绘_云迹_2.png | F50: https://media.prts.wiki/f/fd/%E7%AB%8B%E7%BB%98_%E4%BA%91%E8%BF%B9_2.png | G50: 哥伦比亚 | H50: 方舟干员 | I50: 4 | J50: CB33 | K50: 特种 | L50: 巡空者 | M50: 哥伦比亚 | N50: 哥伦比亚 | O50: {=_xlfn.XLOOKUP(A50&D50, 时装半身像列表20260503!A$2:A$1000 & 时装半身像列表20260503!B$2:B$1000, 时装半身像列表20260503!C$2:C$1000, "")} | P50: {=_xlfn.XLOOKUP(A50&D50, 时装半身像列表20260503!A$2:A$1000 & 时装半身像列表20260503!B$2:B$1000, 时装半身像列表20260503!D$2:D$1000, "")}
A51: 亚叶 | B51: Folinic | C51: 女性 | D51: 1 | E51: 立绘_亚叶_1.png | F51: https://media.prts.wiki/5/5f/%E7%AB%8B%E7%BB%98_%E4%BA%9A%E5%8F%B6_1.png | G51: 罗德岛 | H51: 方舟干员 | I51: 5 | J51: R133 | K51: 医疗 | L51: 医师 | M51: 罗德岛 | N51: 乌萨斯 | O51: {=_xlfn.XLOOKUP(A51&D51, 时装半身像列表20260503!A$2:A$1000 & 时装半身像列表20260503!B$2:B$1000, 时装半身像列表20260503!C$2:C$1000, "")} | P51: {=_xlfn.XLOOKUP(A51&D51, 时装半身像列表20260503!A$2:A$1000 & 时装半身像列表20260503!B$2:B$1000, 时装半身像列表20260503!D$2:D$1000, "")}
A52: 亚叶 | B52: Folinic | C52: 女性 | D52: 2 | E52: 立绘_亚叶_2.png | F52: https://media.prts.wiki/a/a7/%E7%AB%8B%E7%BB%98_%E4%BA%9A%E5%8F%B6_2.png | G52: 罗德岛 | H52: 方舟干员 | I52: 5 | J52: R133 | K52: 医疗 | L52: 医师 | M52: 罗德岛 | N52: 乌萨斯 | O52: {=_xlfn.XLOOKUP(A52&D52, 时装半身像列表20260503!A$2:A$1000 & 时装半身像列表20260503!B$2:B$1000, 时装半身像列表20260503!C$2:C$1000, "")} | P52: {=_xlfn.XLOOKUP(A52&D52, 时装半身像列表20260503!A$2:A$1000 & 时装半身像列表20260503!B$2:B$1000, 时装半身像列表20260503!D$2:D$1000, "")}
A53: 亚叶 | B53: Folinic | C53: 女性 | D53: skin1 | E53: 立绘_亚叶_skin1.png | F53: https://media.prts.wiki/3/32/%E7%AB%8B%E7%BB%98_%E4%BA%9A%E5%8F%B6_skin1.png | G53: 罗德岛 | H53: 方舟干员 | I53: 5 | J53: R133 | K53: 医疗 | L53: 医师 | M53: 罗德岛 | N53: 乌萨斯 | O53: {=_xlfn.XLOOKUP(A53&D53, 时装半身像列表20260503!A$2:A$1000 & 时装半身像列表20260503!B$2:B$1000, 时装半身像列表20260503!C$2:C$1000, "")} -> 生命之地 | P53: {=_xlfn.XLOOKUP(A53&D53, 时装半身像列表20260503!A$2:A$1000 & 时装半身像列表20260503!B$2:B$1000, 时装半身像列表20260503!D$2:D$1000, "")} -> 残葛
A54: 仇白 | B54: Qiubai | C54: 女性 | D54: 1 | E54: 立绘_仇白_1.png | F54: https://media.prts.wiki/6/60/%E7%AB%8B%E7%BB%98_%E4%BB%87%E7%99%BD_1.png | G54: 炎 | H54: 方舟干员 | I54: 6 | J54: YD20 | K54: 近卫 | L54: 领主 | M54: 炎 | N54: 炎 | O54: {=_xlfn.XLOOKUP(A54&D54, 时装半身像列表20260503!A$2:A$1000 & 时装半身像列表20260503!B$2:B$1000, 时装半身像列表20260503!C$2:C$1000, "")} | P54: {=_xlfn.XLOOKUP(A54&D54, 时装半身像列表20260503!A$2:A$1000 & 时装半身像列表20260503!B$2:B$1000, 时装半身像列表20260503!D$2:D$1000, "")}
A55: 仇白 | B55: Qiubai | C55: 女性 | D55: 2 | E55: 立绘_仇白_2.png | F55: https://media.prts.wiki/4/4e/%E7%AB%8B%E7%BB%98_%E4%BB%87%E7%99%BD_2.png | G55: 炎 | H55: 方舟干员 | I55: 6 | J55: YD20 | K55: 近卫 | L55: 领主 | M55: 炎 | N55: 炎 | O55: {=_xlfn.XLOOKUP(A55&D55, 时装半身像列表20260503!A$2:A$1000 & 时装半身像列表20260503!B$2:B$1000, 时装半身像列表20260503!C$2:C$1000, "")} | P55: {=_xlfn.XLOOKUP(A55&D55, 时装半身像列表20260503!A$2:A$1000 & 时装半身像列表20260503!B$2:B$1000, 时装半身像列表20260503!D$2:D$1000, "")}
A56: 仇白 | B56: Qiubai | C56: 女性 | D56: skin1 | E56: 立绘_仇白_skin1.png | F56: https://media.prts.wiki/d/d8/%E7%AB%8B%E7%BB%98_%E4%BB%87%E7%99%BD_skin1.png | G56: 炎 | H56: 方舟干员 | I56: 6 | J56: YD20 | K56: 近卫 | L56: 领主 | M56: 炎 | N56: 炎 | O56: {=_xlfn.XLOOKUP(A56&D56, 时装半身像列表20260503!A$2:A$1000 & 时装半身像列表20260503!B$2:B$1000, 时装半身像列表20260503!C$2:C$1000, "")} -> 合作款 | P56: {=_xlfn.XLOOKUP(A56&D56, 时装半身像列表20260503!A$2:A$1000 & 时装半身像列表20260503!B$2:B$1000, 时装半身像列表20260503!D$2:D$1000, "")} -> 霜林醉
A57: 仇白 | B57: Qiubai | C57: 女性 | D57: skin2 | E57: 立绘_仇白_skin2.png | F57: https://media.prts.wiki/7/77/%E7%AB%8B%E7%BB%98_%E4%BB%87%E7%99%BD_skin2.png | G57: 炎 | H57: 方舟干员 | I57: 6 | J57: YD20 | K57: 近卫 | L57: 领主 | M57: 炎 | N57: 炎 | O57: {=_xlfn.XLOOKUP(A57&D57, 时装半身像列表20260503!A$2:A$1000 & 时装半身像列表20260503!B$2:B$1000, 时装半身像列表20260503!C$2:C$1000, "")} -> 时代 | P57: {=_xlfn.XLOOKUP(A57&D57, 时装半身像列表20260503!A$2:A$1000 & 时装半身像列表20260503!B$2:B$1000, 时装半身像列表20260503!D$2:D$1000, "")} -> 礼遇
A58: 令 | B58: Ling | C58: 女性 | D58: 1 | E58: 立绘_令_1.png | F58: https://media.prts.wiki/d/df/%E7%AB%8B%E7%BB%98_%E4%BB%A4_1.png | G58: 炎-岁 | H58: 方舟干员 | I58: 6 | J58: NM03 | K58: 辅助 | L58: 召唤师 | M58: 炎-岁 | N58: 炎 | O58: {=_xlfn.XLOOKUP(A58&D58, 时装半身像列表20260503!A$2:A$1000 & 时装半身像列表20260503!B$2:B$1000, 时装半身像列表20260503!C$2:C$1000, "")} | P58: {=_xlfn.XLOOKUP(A58&D58, 时装半身像列表20260503!A$2:A$1000 & 时装半身像列表20260503!B$2:B$1000, 时装半身像列表20260503!D$2:D$1000, "")}
A59: 令 | B59: Ling | C59: 女性 | D59: 2 | E59: 立绘_令_2.png | F59: https://media.prts.wiki/a/a3/%E7%AB%8B%E7%BB%98_%E4%BB%A4_2.png | G59: 炎-岁 | H59: 方舟干员 | I59: 6 | J59: NM03 | K59: 辅助 | L59: 召唤师 | M59: 炎-岁 | N59: 炎 | O59: {=_xlfn.XLOOKUP(A59&D59, 时装半身像列表20260503!A$2:A$1000 & 时装半身像列表20260503!B$2:B$1000, 时装半身像列表20260503!C$2:C$1000, "")} | P59: {=_xlfn.XLOOKUP(A59&D59, 时装半身像列表20260503!A$2:A$1000 & 时装半身像列表20260503!B$2:B$1000, 时装半身像列表20260503!D$2:D$1000, "")}
A60: 令 | B60: Ling | C60: 女性 | D60: skin1 | E60: 立绘_令_skin1.png | F60: https://media.prts.wiki/5/5e/%E7%AB%8B%E7%BB%98_%E4%BB%A4_skin1.png | G60: 炎-岁 | H60: 方舟干员 | I60: 6 | J60: NM03 | K60: 辅助 | L60: 召唤师 | M60: 炎-岁 | N60: 炎 | O60: {=_xlfn.XLOOKUP(A60&D60, 时装半身像列表20260503!A$2:A$1000 & 时装半身像列表20260503!B$2:B$1000, 时装半身像列表20260503!C$2:C$1000, "")} -> 0011™制造 | P60: {=_xlfn.XLOOKUP(A60&D60, 时装半身像列表20260503!A$2:A$1000 & 时装半身像列表20260503!B$2:B$1000, 时装半身像列表20260503!D$2:D$1000, "")} -> 濯缨
A61: 令 | B61: Ling | C61: 女性 | D61: skin2 | E61: 立绘_令_skin2.png | F61: https://media.prts.wiki/7/70/%E7%AB%8B%E7%BB%98_%E4%BB%A4_skin2.png | G61: 炎-岁 | H61: 方舟干员 | I61: 6 | J61: NM03 | K61: 辅助 | L61: 召唤师 | M61: 炎-岁 | N61: 炎 | O61: {=_xlfn.XLOOKUP(A61&D61, 时装半身像列表20260503!A$2:A$1000 & 时装半身像列表20260503!B$2:B$1000, 时装半身像列表20260503!C$2:C$1000, "")} -> 合作款 | P61: {=_xlfn.XLOOKUP(A61&D61, 时装半身像列表20260503!A$2:A$1000 & 时装半身像列表20260503!B$2:B$1000, 时装半身像列表20260503!D$2:D$1000, "")} -> 崖高梦远
A62: 令 | B62: Ling | C62: 女性 | D62: skin3 | E62: 立绘_令_skin3.png | F62: https://media.prts.wiki/e/e5/%E7%AB%8B%E7%BB%98_%E4%BB%A4_skin3.png | G62: 炎-岁 | H62: 方舟干员 | I62: 6 | J62: NM03 | K62: 辅助 | L62: 召唤师 | M62: 炎-岁 | N62: 炎 | O62: {=_xlfn.XLOOKUP(A62&D62, 时装半身像列表20260503!A$2:A$1000 & 时装半身像列表20260503!B$2:B$1000, 时装半身像列表20260503!C$2:C$1000, "")} -> 0011™制造 | P62: {=_xlfn.XLOOKUP(A62&D62, 时装半身像列表20260503!A$2:A$1000 & 时装半身像列表20260503!B$2:B$1000, 时装半身像列表20260503!D$2:D$1000, "")} -> 方遒卷
A63: 伊内丝 | B63: Ines | C63: 女性 | D63: 1 | E63: 立绘_伊内丝_1.png | F63: https://media.prts.wiki/0/07/%E7%AB%8B%E7%BB%98_%E4%BC%8A%E5%86%85%E4%B8%9D_1.png | G63: 巴别塔 | H63: 方舟干员 | I63: 6 | J63: B215 | K63: 先锋 | L63: 情报官 | M63: 巴别塔 | N63: 卡兹戴尔 | O63: {=_xlfn.XLOOKUP(A63&D63, 时装半身像列表20260503!A$2:A$1000 & 时装半身像列表20260503!B$2:B$1000, 时装半身像列表20260503!C$2:C$1000, "")} | P63: {=_xlfn.XLOOKUP(A63&D63, 时装半身像列表20260503!A$2:A$1000 & 时装半身像列表20260503!B$2:B$1000, 时装半身像列表20260503!D$2:D$1000, "")}
A64: 伊内丝 | B64: Ines | C64: 女性 | D64: 2 | E64: 立绘_伊内丝_2.png | F64: https://media.prts.wiki/3/35/%E7%AB%8B%E7%BB%98_%E4%BC%8A%E5%86%85%E4%B8%9D_2.png | G64: 巴别塔 | H64: 方舟干员 | I64: 6 | J64: B215 | K64: 先锋 | L64: 情报官 | M64: 巴别塔 | N64: 卡兹戴尔 | O64: {=_xlfn.XLOOKUP(A64&D64, 时装半身像列表20260503!A$2:A$1000 & 时装半身像列表20260503!B$2:B$1000, 时装半身像列表20260503!C$2:C$1000, "")} | P64: {=_xlfn.XLOOKUP(A64&D64, 时装半身像列表20260503!A$2:A$1000 & 时装半身像列表20260503!B$2:B$1000, 时装半身像列表20260503!D$2:D$1000, "")}
A65: 伊内丝 | B65: Ines | C65: 女性 | D65: skin1 | E65: 立绘_伊内丝_skin1.png | F65: https://media.prts.wiki/2/2c/%E7%AB%8B%E7%BB%98_%E4%BC%8A%E5%86%85%E4%B8%9D_skin1.png | G65: 巴别塔 | H65: 方舟干员 | I65: 6 | J65: B215 | K65: 先锋 | L65: 情报官 | M65: 巴别塔 | N65: 卡兹戴尔 | O65: {=_xlfn.XLOOKUP(A65&D65, 时装半身像列表20260503!A$2:A$1000 & 时装半身像列表20260503!B$2:B$1000, 时装半身像列表20260503!C$2:C$1000, "")} -> 斗争血脉 | P65: {=_xlfn.XLOOKUP(A65&D65, 时装半身像列表20260503!A$2:A$1000 & 时装半身像列表20260503!B$2:B$1000, 时装半身像列表20260503!D$2:D$1000, "")} -> 燃烧天穹下
A66: 伊内丝 | B66: Ines | C66: 女性 | D66: skin2 | E66: 立绘_伊内丝_skin2.png | F66: https://media.prts.wiki/8/84/%E7%AB%8B%E7%BB%98_%E4%BC%8A%E5%86%85%E4%B8%9D_skin2.png | G66: 巴别塔 | H66: 方舟干员 | I66: 6 | J66: B215 | K66: 先锋 | L66: 情报官 | M66: 巴别塔 | N66: 卡兹戴尔 | O66: {=_xlfn.XLOOKUP(A66&D66, 时装半身像列表20260503!A$2:A$1000 & 时装半身像列表20260503!B$2:B$1000, 时装半身像列表20260503!C$2:C$1000, "")} -> 音律联觉 | P66: {=_xlfn.XLOOKUP(A66&D66, 时装半身像列表20260503!A$2:A$1000 & 时装半身像列表20260503!B$2:B$1000, 时装半身像列表20260503!D$2:D$1000, "")} -> 蝶舞华章
A67: 伊桑 | B67: Ethan | C67: 男性 | D67: 1 | E67: 立绘_伊桑_1.png | F67: https://media.prts.wiki/e/e0/%E7%AB%8B%E7%BB%98_%E4%BC%8A%E6%A1%91_1.png | G67: 罗德岛 | H67: 方舟干员 | I67: 4 | J67: R130 | K67: 特种 | L67: 伏击客 | M67: 罗德岛 | N67: 未公开 | O67: {=_xlfn.XLOOKUP(A67&D67, 时装半身像列表20260503!A$2:A$1000 & 时装半身像列表20260503!B$2:B$1000, 时装半身像列表20260503!C$2:C$1000, "")} | P67: {=_xlfn.XLOOKUP(A67&D67, 时装半身像列表20260503!A$2:A$1000 & 时装半身像列表20260503!B$2:B$1000, 时装半身像列表20260503!D$2:D$1000, "")}
A68: 伊桑 | B68: Ethan | C68: 男性 | D68: 2 | E68: 立绘_伊桑_2.png | F68: https://media.prts.wiki/b/b6/%E7%AB%8B%E7%BB%98_%E4%BC%8A%E6%A1%91_2.png | G68: 罗德岛 | H68: 方舟干员 | I68: 4 | J68: R130 | K68: 特种 | L68: 伏击客 | M68: 罗德岛 | N68: 未公开 | O68: {=_xlfn.XLOOKUP(A68&D68, 时装半身像列表20260503!A$2:A$1000 & 时装半身像列表20260503!B$2:B$1000, 时装半身像列表20260503!C$2:C$1000, "")} | P68: {=_xlfn.XLOOKUP(A68&D68, 时装半身像列表20260503!A$2:A$1000 & 时装半身像列表20260503!B$2:B$1000, 时装半身像列表20260503!D$2:D$1000, "")}
A69: 伊桑 | B69: Ethan | C69: 男性 | D69: skin1 | E69: 立绘_伊桑_skin1.png | F69: https://media.prts.wiki/e/ec/%E7%AB%8B%E7%BB%98_%E4%BC%8A%E6%A1%91_skin1.png | G69: 罗德岛 | H69: 方舟干员 | I69: 4 | J69: R130 | K69: 特种 | L69: 伏击客 | M69: 罗德岛 | N69: 未公开 | O69: {=_xlfn.XLOOKUP(A69&D69, 时装半身像列表20260503!A$2:A$1000 & 时装半身像列表20260503!B$2:B$1000, 时装半身像列表20260503!C$2:C$1000, "")} -> 时代 | P69: {=_xlfn.XLOOKUP(A69&D69, 时装半身像列表20260503!A$2:A$1000 & 时装半身像列表20260503!B$2:B$1000, 时装半身像列表20260503!D$2:D$1000, "")} -> 渗透
A70: 伊芙利特 | B70: Ifrit | C70: 女性 | D70: 1 | E70: 立绘_伊芙利特_1.png | F70: https://media.prts.wiki/5/53/%E7%AB%8B%E7%BB%98_%E4%BC%8A%E8%8A%99%E5%88%A9%E7%89%B9_1.png | G70: 莱茵生命 | H70: 方舟干员 | I70: 6 | J70: RL03 | K70: 术师 | L70: 轰击术师 | M70: 莱茵生命 | N70: 未公开 | O70: {=_xlfn.XLOOKUP(A70&D70, 时装半身像列表20260503!A$2:A$1000 & 时装半身像列表20260503!B$2:B$1000, 时装半身像列表20260503!C$2:C$1000, "")} | P70: {=_xlfn.XLOOKUP(A70&D70, 时装半身像列表20260503!A$2:A$1000 & 时装半身像列表20260503!B$2:B$1000, 时装半身像列表20260503!D$2:D$1000, "")}
A71: 伊芙利特 | B71: Ifrit | C71: 女性 | D71: 2 | E71: 立绘_伊芙利特_2.png | F71: https://media.prts.wiki/f/f2/%E7%AB%8B%E7%BB%98_%E4%BC%8A%E8%8A%99%E5%88%A9%E7%89%B9_2.png | G71: 莱茵生命 | H71: 方舟干员 | I71: 6 | J71: RL03 | K71: 术师 | L71: 轰击术师 | M71: 莱茵生命 | N71: 未公开 | O71: {=_xlfn.XLOOKUP(A71&D71, 时装半身像列表20260503!A$2:A$1000 & 时装半身像列表20260503!B$2:B$1000, 时装半身像列表20260503!C$2:C$1000, "")} | P71: {=_xlfn.XLOOKUP(A71&D71, 时装半身像列表20260503!A$2:A$1000 & 时装半身像列表20260503!B$2:B$1000, 时装半身像列表20260503!D$2:D$1000, "")}
A72: 伊芙利特 | B72: Ifrit | C72: 女性 | D72: skin1 | E72: 立绘_伊芙利特_skin1.png | F72: https://media.prts.wiki/3/3d/%E7%AB%8B%E7%BB%98_%E4%BC%8A%E8%8A%99%E5%88%A9%E7%89%B9_skin1.png | G72: 莱茵生命 | H72: 方舟干员 | I72: 6 | J72: RL03 | K72: 术师 | L72: 轰击术师 | M72: 莱茵生命 | N72: 未公开 | O72: {=_xlfn.XLOOKUP(A72&D72, 时装半身像列表20260503!A$2:A$1000 & 时装半身像列表20260503!B$2:B$1000, 时装半身像列表20260503!C$2:C$1000, "")} -> 珊瑚海岸 | P72: {=_xlfn.XLOOKUP(A72&D72, 时装半身像列表20260503!A$2:A$1000 & 时装半身像列表20260503!B$2:B$1000, 时装半身像列表20260503!D$2:D$1000, "")} -> 日晒 SS.SP
A73: 伊芙利特 | B73: Ifrit | C73: 女性 | D73: skin2 | E73: 立绘_伊芙利特_skin2.png | F73: https://media.prts.wiki/0/06/%E7%AB%8B%E7%BB%98_%E4%BC%8A%E8%8A%99%E5%88%A9%E7%89%B9_skin2.png | G73: 莱茵生命 | H73: 方舟干员 | I73: 6 | J73: RL03 | K73: 术师 | L73: 轰击术师 | M73: 莱茵生命 | N73: 未公开 | O73: {=_xlfn.XLOOKUP(A73&D73, 时装半身像列表20260503!A$2:A$1000 & 时装半身像列表20260503!B$2:B$1000, 时装半身像列表20260503!C$2:C$1000, "")} -> 合作款 | P73: {=_xlfn.XLOOKUP(A73&D73, 时装半身像列表20260503!A$2:A$1000 & 时装半身像列表20260503!B$2:B$1000, 时装半身像列表20260503!D$2:D$1000, "")} -> 儿童派对
A74: 伊芙利特 | B74: Ifrit | C74: 女性 | D74: skin3 | E74: 立绘_伊芙利特_skin3.png | F74: https://media.prts.wiki/7/77/%E7%AB%8B%E7%BB%98_%E4%BC%8A%E8%8A%99%E5%88%A9%E7%89%B9_skin3.png | G74: 莱茵生命 | H74: 方舟干员 | I74: 6 | J74: RL03 | K74: 术师 | L74: 轰击术师 | M74: 莱茵生命 | N74: 未公开 | O74: {=_xlfn.XLOOKUP(A74&D74, 时装半身像列表20260503!A$2:A$1000 & 时装半身像列表20260503!B$2:B$1000, 时装半身像列表20260503!C$2:C$1000, "")} -> 合作款 | P74: {=_xlfn.XLOOKUP(A74&D74, 时装半身像列表20260503!A$2:A$1000 & 时装半身像列表20260503!B$2:B$1000, 时装半身像列表20260503!D$2:D$1000, "")} -> 轻松旅途
A75: 休谟斯 | B75: Humus | C75: 男性 | D75: 1 | E75: 立绘_休谟斯_1.png | F75: https://media.prts.wiki/2/29/%E7%AB%8B%E7%BB%98_%E4%BC%91%E8%B0%9F%E6%96%AF_1.png | G75: 罗德岛 | H75: 方舟干员 | I75: 4 | J75: R171 | K75: 近卫 | L75: 收割者 | M75: 罗德岛 | N75: 哥伦比亚 | O75: {=_xlfn.XLOOKUP(A75&D75, 时装半身像列表20260503!A$2:A$1000 & 时装半身像列表20260503!B$2:B$1000, 时装半身像列表20260503!C$2:C$1000, "")} | P75: {=_xlfn.XLOOKUP(A75&D75, 时装半身像列表20260503!A$2:A$1000 & 时装半身像列表20260503!B$2:B$1000, 时装半身像列表20260503!D$2:D$1000, "")}
A76: 休谟斯 | B76: Humus | C76: 男性 | D76: 2 | E76: 立绘_休谟斯_2.png | F76: https://media.prts.wiki/7/7f/%E7%AB%8B%E7%BB%98_%E4%BC%91%E8%B0%9F%E6%96%AF_2.png | G76: 罗德岛 | H76: 方舟干员 | I76: 4 | J76: R171 | K76: 近卫 | L76: 收割者 | M76: 罗德岛 | N76: 哥伦比亚 | O76: {=_xlfn.XLOOKUP(A76&D76, 时装半身像列表20260503!A$2:A$1000 & 时装半身像列表20260503!B$2:B$1000, 时装半身像列表20260503!C$2:C$1000, "")} | P76: {=_xlfn.XLOOKUP(A76&D76, 时装半身像列表20260503!A$2:A$1000 & 时装半身像列表20260503!B$2:B$1000, 时装半身像列表20260503!D$2:D$1000, "")}
A77: 休谟斯 | B77: Humus | C77: 男性 | D77: skin1 | E77: 立绘_休谟斯_skin1.png | F77: https://media.prts.wiki/f/f3/%E7%AB%8B%E7%BB%98_%E4%BC%91%E8%B0%9F%E6%96%AF_skin1.png | G77: 罗德岛 | H77: 方舟干员 | I77: 4 | J77: R171 | K77: 近卫 | L77: 收割者 | M77: 罗德岛 | N77: 哥伦比亚 | O77: {=_xlfn.XLOOKUP(A77&D77, 时装半身像列表20260503!A$2:A$1000 & 时装半身像列表20260503!B$2:B$1000, 时装半身像列表20260503!C$2:C$1000, "")} -> 玛尔特 | P77: {=_xlfn.XLOOKUP(A77&D77, 时装半身像列表20260503!A$2:A$1000 & 时装半身像列表20260503!B$2:B$1000, 时装半身像列表20260503!D$2:D$1000, "")} -> 烈阳街景
A78: 伯塔尼 | B78: Ботани | C78: 女性 | D78: 1 | E78: 立绘_伯塔尼_1.png | F78: https://media.prts.wiki/3/3b/%E7%AB%8B%E7%BB%98_%E4%BC%AF%E5%A1%94%E5%B0%BC_1.png | G78: 乌萨斯 | H78: 方舟干员 | I78: 5 | J78: US40 | K78: 辅助 | L78: 巫役 | M78: 乌萨斯 | N78: 乌萨斯 | O78: {=_xlfn.XLOOKUP(A78&D78, 时装半身像列表20260503!A$2:A$1000 & 时装半身像列表20260503!B$2:B$1000, 时装半身像列表20260503!C$2:C$1000, "")} | P78: {=_xlfn.XLOOKUP(A78&D78, 时装半身像列表20260503!A$2:A$1000 & 时装半身像列表20260503!B$2:B$1000, 时装半身像列表20260503!D$2:D$1000, "")}
A79: 伯塔尼 | B79: Ботани | C79: 女性 | D79: 2 | E79: 立绘_伯塔尼_2.png | F79: https://media.prts.wiki/b/b3/%E7%AB%8B%E7%BB%98_%E4%BC%AF%E5%A1%94%E5%B0%BC_2.png | G79: 乌萨斯 | H79: 方舟干员 | I79: 5 | J79: US40 | K79: 辅助 | L79: 巫役 | M79: 乌萨斯 | N79: 乌萨斯 | O79: {=_xlfn.XLOOKUP(A79&D79, 时装半身像列表20260503!A$2:A$1000 & 时装半身像列表20260503!B$2:B$1000, 时装半身像列表20260503!C$2:C$1000, "")} | P79: {=_xlfn.XLOOKUP(A79&D79, 时装半身像列表20260503!A$2:A$1000 & 时装半身像列表20260503!B$2:B$1000, 时装半身像列表20260503!D$2:D$1000, "")}
A80: 伺夜 | B80: Vigil | C80: 男性 | D80: 1 | E80: 立绘_伺夜_1.png | F80: https://media.prts.wiki/f/f1/%E7%AB%8B%E7%BB%98_%E4%BC%BA%E5%A4%9C_1.png | G80: 叙拉古 | H80: 方舟干员 | I80: 6 | J80: SR36 | K80: 先锋 | L80: 战术家 | M80: 叙拉古 | N80: 叙拉古 | O80: {=_xlfn.XLOOKUP(A80&D80, 时装半身像列表20260503!A$2:A$1000 & 时装半身像列表20260503!B$2:B$1000, 时装半身像列表20260503!C$2:C$1000, "")} | P80: {=_xlfn.XLOOKUP(A80&D80, 时装半身像列表20260503!A$2:A$1000 & 时装半身像列表20260503!B$2:B$1000, 时装半身像列表20260503!D$2:D$1000, "")}
A81: 伺夜 | B81: Vigil | C81: 男性 | D81: 2 | E81: 立绘_伺夜_2.png | F81: https://media.prts.wiki/b/b5/%E7%AB%8B%E7%BB%98_%E4%BC%BA%E5%A4%9C_2.png | G81: 叙拉古 | H81: 方舟干员 | I81: 6 | J81: SR36 | K81: 先锋 | L81: 战术家 | M81: 叙拉古 | N81: 叙拉古 | O81: {=_xlfn.XLOOKUP(A81&D81, 时装半身像列表20260503!A$2:A$1000 & 时装半身像列表20260503!B$2:B$1000, 时装半身像列表20260503!C$2:C$1000, "")} | P81: {=_xlfn.XLOOKUP(A81&D81, 时装半身像列表20260503!A$2:A$1000 & 时装半身像列表20260503!B$2:B$1000, 时装半身像列表20260503!D$2:D$1000, "")}
A82: 伺夜 | B82: Vigil | C82: 男性 | D82: skin1 | E82: 立绘_伺夜_skin1.png | F82: https://media.prts.wiki/8/8a/%E7%AB%8B%E7%BB%98_%E4%BC%BA%E5%A4%9C_skin1.png | G82: 叙拉古 | H82: 方舟干员 | I82: 6 | J82: SR36 | K82: 先锋 | L82: 战术家 | M82: 叙拉古 | N82: 叙拉古 | O82: {=_xlfn.XLOOKUP(A82&D82, 时装半身像列表20260503!A$2:A$1000 & 时装半身像列表20260503!B$2:B$1000, 时装半身像列表20260503!C$2:C$1000, "")} -> 时代 | P82: {=_xlfn.XLOOKUP(A82&D82, 时装半身像列表20260503!A$2:A$1000 & 时装半身像列表20260503!B$2:B$1000, 时装半身像列表20260503!D$2:D$1000, "")} -> 叙拉古的彼面
A83: 但书 | B83: Proviso | C83: 女性 | D83: 1 | E83: 立绘_但书_1.png | F83: https://media.prts.wiki/c/c1/%E7%AB%8B%E7%BB%98_%E4%BD%86%E4%B9%A6_1.png | G83: 卡西米尔 | H83: 方舟干员 | I83: 5 | J83: KZ10 | K83: 辅助 | L83: 凝滞师 | M83: 卡西米尔 | N83: 卡西米尔 | O83: {=_xlfn.XLOOKUP(A83&D83, 时装半身像列表20260503!A$2:A$1000 & 时装半身像列表20260503!B$2:B$1000, 时装半身像列表20260503!C$2:C$1000, "")} | P83: {=_xlfn.XLOOKUP(A83&D83, 时装半身像列表20260503!A$2:A$1000 & 时装半身像列表20260503!B$2:B$1000, 时装半身像列表20260503!D$2:D$1000, "")}
A84: 但书 | B84: Proviso | C84: 女性 | D84: 2 | E84: 立绘_但书_2.png | F84: https://media.prts.wiki/7/78/%E7%AB%8B%E7%BB%98_%E4%BD%86%E4%B9%A6_2.png | G84: 卡西米尔 | H84: 方舟干员 | I84: 5 | J84: KZ10 | K84: 辅助 | L84: 凝滞师 | M84: 卡西米尔 | N84: 卡西米尔 | O84: {=_xlfn.XLOOKUP(A84&D84, 时装半身像列表20260503!A$2:A$1000 & 时装半身像列表20260503!B$2:B$1000, 时装半身像列表20260503!C$2:C$1000, "")} | P84: {=_xlfn.XLOOKUP(A84&D84, 时装半身像列表20260503!A$2:A$1000 & 时装半身像列表20260503!B$2:B$1000, 时装半身像列表20260503!D$2:D$1000, "")}
A85: 但书 | B85: Proviso | C85: 女性 | D85: skin1 | E85: 立绘_但书_skin1.png | F85: https://media.prts.wiki/4/44/%E7%AB%8B%E7%BB%98_%E4%BD%86%E4%B9%A6_skin1.png | G85: 卡西米尔 | H85: 方舟干员 | I85: 5 | J85: KZ10 | K85: 辅助 | L85: 凝滞师 | M85: 卡西米尔 | N85: 卡西米尔 | O85: {=_xlfn.XLOOKUP(A85&D85, 时装半身像列表20260503!A$2:A$1000 & 时装半身像列表20260503!B$2:B$1000, 时装半身像列表20260503!C$2:C$1000, "")} -> 生命之地 | P85: {=_xlfn.XLOOKUP(A85&D85, 时装半身像列表20260503!A$2:A$1000 & 时装半身像列表20260503!B$2:B$1000, 时装半身像列表20260503!D$2:D$1000, "")} -> 秋高气爽
A86: 但书 | B86: Proviso | C86: 女性 | D86: skin2 | E86: 立绘_但书_skin2.png | F86: https://media.prts.wiki/c/cb/%E7%AB%8B%E7%BB%98_%E4%BD%86%E4%B9%A6_skin2.png | G86: 卡西米尔 | H86: 方舟干员 | I86: 5 | J86: KZ10 | K86: 辅助 | L86: 凝滞师 | M86: 卡西米尔 | N86: 卡西米尔 | O86: {=_xlfn.XLOOKUP(A86&D86, 时装半身像列表20260503!A$2:A$1000 & 时装半身像列表20260503!B$2:B$1000, 时装半身像列表20260503!C$2:C$1000, "")} -> 珊瑚海岸 | P86: {=_xlfn.XLOOKUP(A86&D86, 时装半身像列表20260503!A$2:A$1000 & 时装半身像列表20260503!B$2:B$1000, 时装半身像列表20260503!D$2:D$1000, "")} -> 悠然假日 HD78
A87: 余 | B87: Yu | C87: 男性 | D87: 1 | E87: 立绘_余_1.png | F87: https://media.prts.wiki/5/50/%E7%AB%8B%E7%BB%98_%E4%BD%99_1.png | G87: 炎-岁 | H87: 方舟干员 | I87: 6 | J87: NM06 | K87: 重装 | L87: 本源铁卫 | M87: 炎-岁 | N87: 炎 | O87: {=_xlfn.XLOOKUP(A87&D87, 时装半身像列表20260503!A$2:A$1000 & 时装半身像列表20260503!B$2:B$1000, 时装半身像列表20260503!C$2:C$1000, "")} | P87: {=_xlfn.XLOOKUP(A87&D87, 时装半身像列表20260503!A$2:A$1000 & 时装半身像列表20260503!B$2:B$1000, 时装半身像列表20260503!D$2:D$1000, "")}
A88: 余 | B88: Yu | C88: 男性 | D88: 2 | E88: 立绘_余_2.png | F88: https://media.prts.wiki/1/1a/%E7%AB%8B%E7%BB%98_%E4%BD%99_2.png | G88: 炎-岁 | H88: 方舟干员 | I88: 6 | J88: NM06 | K88: 重装 | L88: 本源铁卫 | M88: 炎-岁 | N88: 炎 | O88: {=_xlfn.XLOOKUP(A88&D88, 时装半身像列表20260503!A$2:A$1000 & 时装半身像列表20260503!B$2:B$1000, 时装半身像列表20260503!C$2:C$1000, "")} | P88: {=_xlfn.XLOOKUP(A88&D88, 时装半身像列表20260503!A$2:A$1000 & 时装半身像列表20260503!B$2:B$1000, 时装半身像列表20260503!D$2:D$1000, "")}
A89: 余 | B89: Yu | C89: 男性 | D89: skin1 | E89: 立绘_余_skin1.png | F89: https://media.prts.wiki/9/9b/%E7%AB%8B%E7%BB%98_%E4%BD%99_skin1.png | G89: 炎-岁 | H89: 方舟干员 | I89: 6 | J89: NM06 | K89: 重装 | L89: 本源铁卫 | M89: 炎-岁 | N89: 炎 | O89: {=_xlfn.XLOOKUP(A89&D89, 时装半身像列表20260503!A$2:A$1000 & 时装半身像列表20260503!B$2:B$1000, 时装半身像列表20260503!C$2:C$1000, "")} -> 0011™制造 | P89: {=_xlfn.XLOOKUP(A89&D89, 时装半身像列表20260503!A$2:A$1000 & 时装半身像列表20260503!B$2:B$1000, 时装半身像列表20260503!D$2:D$1000, "")} -> 愿清晓
A90: 佩佩 | B90: Pepe | C90: 女性 | D90: 1 | E90: 立绘_佩佩_1.png | F90: https://media.prts.wiki/7/72/%E7%AB%8B%E7%BB%98_%E4%BD%A9%E4%BD%A9_1.png | G90: 萨尔贡 | H90: 方舟干员 | I90: 6 | J90: SG14 | K90: 近卫 | L90: 撼地者 | M90: 萨尔贡 | N90: 萨尔贡 | O90: {=_xlfn.XLOOKUP(A90&D90, 时装半身像列表20260503!A$2:A$1000 & 时装半身像列表20260503!B$2:B$1000, 时装半身像列表20260503!C$2:C$1000, "")} | P90: {=_xlfn.XLOOKUP(A90&D90, 时装半身像列表20260503!A$2:A$1000 & 时装半身像列表20260503!B$2:B$1000, 时装半身像列表20260503!D$2:D$1000, "")}
A91: 佩佩 | B91: Pepe | C91: 女性 | D91: 2 | E91: 立绘_佩佩_2.png | F91: https://media.prts.wiki/0/03/%E7%AB%8B%E7%BB%98_%E4%BD%A9%E4%BD%A9_2.png | G91: 萨尔贡 | H91: 方舟干员 | I91: 6 | J91: SG14 | K91: 近卫 | L91: 撼地者 | M91: 萨尔贡 | N91: 萨尔贡 | O91: {=_xlfn.XLOOKUP(A91&D91, 时装半身像列表20260503!A$2:A$1000 & 时装半身像列表20260503!B$2:B$1000, 时装半身像列表20260503!C$2:C$1000, "")} | P91: {=_xlfn.XLOOKUP(A91&D91, 时装半身像列表20260503!A$2:A$1000 & 时装半身像列表20260503!B$2:B$1000, 时装半身像列表20260503!D$2:D$1000, "")}
A92: 佩佩 | B92: Pepe | C92: 女性 | D92: skin1 | E92: 立绘_佩佩_skin1.png | F92: https://media.prts.wiki/7/71/%E7%AB%8B%E7%BB%98_%E4%BD%A9%E4%BD%A9_skin1.png | G92: 萨尔贡 | H92: 方舟干员 | I92: 6 | J92: SG14 | K92: 近卫 | L92: 撼地者 | M92: 萨尔贡 | N92: 萨尔贡 | O92: {=_xlfn.XLOOKUP(A92&D92, 时装半身像列表20260503!A$2:A$1000 & 时装半身像列表20260503!B$2:B$1000, 时装半身像列表20260503!C$2:C$1000, "")} -> 错位巡礼 | P92: {=_xlfn.XLOOKUP(A92&D92, 时装半身像列表20260503!A$2:A$1000 & 时装半身像列表20260503!B$2:B$1000, 时装半身像列表20260503!D$2:D$1000, "")} -> 星移
A93: 信仰搅拌机 | B93: Sankta Miksaparato | C93: 男性 | D93: 1 | E93: 立绘_信仰搅拌机_1.png | F93: https://media.prts.wiki/0/06/%E7%AB%8B%E7%BB%98_%E4%BF%A1%E4%BB%B0%E6%90%85%E6%8B%8C%E6%9C%BA_1.png | G93: 拉特兰 | H93: 方舟干员 | I93: 6 | J93: LT32 | K93: 重装 | L93: 哨戒铁卫 | M93: 拉特兰 | N93: 拉特兰 | O93: {=_xlfn.XLOOKUP(A93&D93, 时装半身像列表20260503!A$2:A$1000 & 时装半身像列表20260503!B$2:B$1000, 时装半身像列表20260503!C$2:C$1000, "")} | P93: {=_xlfn.XLOOKUP(A93&D93, 时装半身像列表20260503!A$2:A$1000 & 时装半身像列表20260503!B$2:B$1000, 时装半身像列表20260503!D$2:D$1000, "")}
A94: 信仰搅拌机 | B94: Sankta Miksaparato | C94: 男性 | D94: 2 | E94: 立绘_信仰搅拌机_2.png | F94: https://media.prts.wiki/d/d5/%E7%AB%8B%E7%BB%98_%E4%BF%A1%E4%BB%B0%E6%90%85%E6%8B%8C%E6%9C%BA_2.png | G94: 拉特兰 | H94: 方舟干员 | I94: 6 | J94: LT32 | K94: 重装 | L94: 哨戒铁卫 | M94: 拉特兰 | N94: 拉特兰 | O94: {=_xlfn.XLOOKUP(A94&D94, 时装半身像列表20260503!A$2:A$1000 & 时装半身像列表20260503!B$2:B$1000, 时装半身像列表20260503!C$2:C$1000, "")} | P94: {=_xlfn.XLOOKUP(A94&D94, 时装半身像列表20260503!A$2:A$1000 & 时装半身像列表20260503!B$2:B$1000, 时装半身像列表20260503!D$2:D$1000, "")}
A95: 假日威龙陈 | B95: Ch'en the Holungday | C95: 女性 | D95: 1 | E95: 立绘_假日威龙陈_1.png | F95: https://media.prts.wiki/b/b9/%E7%AB%8B%E7%BB%98_%E5%81%87%E6%97%A5%E5%A8%81%E9%BE%99%E9%99%88_1.png | G95: 罗德岛 | H95: 方舟干员 | I95: 6 | J95: R112 | K95: 狙击 | L95: 散射手 | M95: 罗德岛 | N95: 龙门 | O95: {=_xlfn.XLOOKUP(A95&D95, 时装半身像列表20260503!A$2:A$1000 & 时装半身像列表20260503!B$2:B$1000, 时装半身像列表20260503!C$2:C$1000, "")} | P95: {=_xlfn.XLOOKUP(A95&D95, 时装半身像列表20260503!A$2:A$1000 & 时装半身像列表20260503!B$2:B$1000, 时装半身像列表20260503!D$2:D$1000, "")}
A96: 假日威龙陈 | B96: Ch'en the Holungday | C96: 女性 | D96: 2 | E96: 立绘_假日威龙陈_2.png | F96: https://media.prts.wiki/4/4e/%E7%AB%8B%E7%BB%98_%E5%81%87%E6%97%A5%E5%A8%81%E9%BE%99%E9%99%88_2.png | G96: 罗德岛 | H96: 方舟干员 | I96: 6 | J96: R112 | K96: 狙击 | L96: 散射手 | M96: 罗德岛 | N96: 龙门 | O96: {=_xlfn.XLOOKUP(A96&D96, 时装半身像列表20260503!A$2:A$1000 & 时装半身像列表20260503!B$2:B$1000, 时装半身像列表20260503!C$2:C$1000, "")} | P96: {=_xlfn.XLOOKUP(A96&D96, 时装半身像列表20260503!A$2:A$1000 & 时装半身像列表20260503!B$2:B$1000, 时装半身像列表20260503!D$2:D$1000, "")}
A97: 假日威龙陈 | B97: Ch'en the Holungday | C97: 女性 | D97: skin1 | E97: 立绘_假日威龙陈_skin1.png | F97: https://media.prts.wiki/f/f2/%E7%AB%8B%E7%BB%98_%E5%81%87%E6%97%A5%E5%A8%81%E9%BE%99%E9%99%88_skin1.png | G97: 罗德岛 | H97: 方舟干员 | I97: 6 | J97: R112 | K97: 狙击 | L97: 散射手 | M97: 罗德岛 | N97: 龙门 | O97: {=_xlfn.XLOOKUP(A97&D97, 时装半身像列表20260503!A$2:A$1000 & 时装半身像列表20260503!B$2:B$1000, 时装半身像列表20260503!C$2:C$1000, "")} -> 斗争血脉 | P97: {=_xlfn.XLOOKUP(A97&D97, 时装半身像列表20260503!A$2:A$1000 & 时装半身像列表20260503!B$2:B$1000, 时装半身像列表20260503!D$2:D$1000, "")} -> 万重山
A98: 假日威龙陈 | B98: Ch'en the Holungday | C98: 女性 | D98: skin2 | E98: 立绘_假日威龙陈_skin2.png | F98: https://media.prts.wiki/f/f5/%E7%AB%8B%E7%BB%98_%E5%81%87%E6%97%A5%E5%A8%81%E9%BE%99%E9%99%88_skin2.png | G98: 罗德岛 | H98: 方舟干员 | I98: 6 | J98: R112 | K98: 狙击 | L98: 散射手 | M98: 罗德岛 | N98: 龙门 | O98: {=_xlfn.XLOOKUP(A98&D98, 时装半身像列表20260503!A$2:A$1000 & 时装半身像列表20260503!B$2:B$1000, 时装半身像列表20260503!C$2:C$1000, "")} -> 珊瑚海岸 | P98: {=_xlfn.XLOOKUP(A98&D98, 时装半身像列表20260503!A$2:A$1000 & 时装半身像列表20260503!B$2:B$1000, 时装半身像列表20260503!D$2:D$1000, "")} -> 悠然假日 HD79
A99: 傀影 | B99: Phantom | C99: 男性 | D99: 1 | E99: 立绘_傀影_1.png | F99: https://media.prts.wiki/3/32/%E7%AB%8B%E7%BB%98_%E5%82%80%E5%BD%B1_1.png | G99: 维多利亚 | H99: 方舟干员 | I99: 6 | J99: R109 | K99: 特种 | L99: 处决者 | M99: 维多利亚 | N99: 维多利亚 | O99: {=_xlfn.XLOOKUP(A99&D99, 时装半身像列表20260503!A$2:A$1000 & 时装半身像列表20260503!B$2:B$1000, 时装半身像列表20260503!C$2:C$1000, "")} | P99: {=_xlfn.XLOOKUP(A99&D99, 时装半身像列表20260503!A$2:A$1000 & 时装半身像列表20260503!B$2:B$1000, 时装半身像列表20260503!D$2:D$1000, "")}
A100: 傀影 | B100: Phantom | C100: 男性 | D100: 2 | E100: 立绘_傀影_2.png | F100: https://media.prts.wiki/6/6f/%E7%AB%8B%E7%BB%98_%E5%82%80%E5%BD%B1_2.png | G100: 维多利亚 | H100: 方舟干员 | I100: 6 | J100: R109 | K100: 特种 | L100: 处决者 | M100: 维多利亚 | N100: 维多利亚 | O100: {=_xlfn.XLOOKUP(A100&D100, 时装半身像列表20260503!A$2:A$1000 & 时装半身像列表20260503!B$2:B$1000, 时装半身像列表20260503!C$2:C$1000, "")} | P100: {=_xlfn.XLOOKUP(A100&D100, 时装半身像列表20260503!A$2:A$1000 & 时装半身像列表20260503!B$2:B$1000, 时装半身像列表20260503!D$2:D$1000, "")}
...

Sheet 时装半身像列表20260503
A1: 角色名 | B1: 皮肤序号 | C1: 时装系列 | D1: 时装名 | E1: 半身像链接 | F1: 时装品牌logo链接
A2: Mon3tr | B2: skin1 | C2: 斗争血脉 | D2: 锋锐 | E2: https://media.prts.wiki/5/5e/%E5%8D%8A%E8%BA%AB%E5%83%8F_Mon3tr_skin1.png | F2: https://media.prts.wiki/b/bc/Skin_brand_%E6%96%97%E4%BA%89%E8%A1%80%E8%84%89.png
A3: 聆音 | B3: skin1 | C3: 斗争血脉 | D3: 追想涤尘 | E3: https://media.prts.wiki/a/a8/%E5%8D%8A%E8%BA%AB%E5%83%8F_%E8%81%86%E9%9F%B3_skin1.png | F3: https://media.prts.wiki/b/bc/Skin_brand_%E6%96%97%E4%BA%89%E8%A1%80%E8%84%89.png
A4: 新约能天使 | B4: skin1 | C4: 命途迭代 | D4: 寻翼之歌 | E4: https://media.prts.wiki/4/44/%E5%8D%8A%E8%BA%AB%E5%83%8F_%E6%96%B0%E7%BA%A6%E8%83%BD%E5%A4%A9%E4%BD%BF_skin1.png | F4: https://media.prts.wiki/d/d0/Skin_brand_%E5%91%BD%E9%80%94%E8%BF%AD%E4%BB%A3.png
A5: 遥 | B5: skin1 | C5: 命途迭代 | D5: 常世之幻 | E5: https://media.prts.wiki/a/a0/%E5%8D%8A%E8%BA%AB%E5%83%8F_%E9%81%A5_skin1.png | F5: https://media.prts.wiki/d/d0/Skin_brand_%E5%91%BD%E9%80%94%E8%BF%AD%E4%BB%A3.png
A6: 诺威尔 | B6: skin1 | C6: 命途迭代 | D6: 幽蓝渡灵师 | E6: https://media.prts.wiki/a/ac/%E5%8D%8A%E8%BA%AB%E5%83%8F_%E8%AF%BA%E5%A8%81%E5%B0%94_skin1.png | F6: https://media.prts.wiki/d/d0/Skin_brand_%E5%91%BD%E9%80%94%E8%BF%AD%E4%BB%A3.png
A7: 暴行 | B7: skin3 | C7: 忒斯特收藏 | D7: 又一年秋季 | E7: https://media.prts.wiki/c/c8/%E5%8D%8A%E8%BA%AB%E5%83%8F_%E6%9A%B4%E8%A1%8C_skin3.png | F7: https://media.prts.wiki/0/0e/Skin_brand_%E5%BF%92%E6%96%AF%E7%89%B9%E6%94%B6%E8%97%8F.png
A8: 塞雷娅 | B8: skin3 | C8: 音律联觉 | D8: 黑白冷峻 | E8: https://media.prts.wiki/8/8e/%E5%8D%8A%E8%BA%AB%E5%83%8F_%E5%A1%9E%E9%9B%B7%E5%A8%85_skin3.png | F8: https://media.prts.wiki/3/3d/Skin_brand_%E9%9F%B3%E5%BE%8B%E8%81%94%E8%A7%89.png
A9: 蕾缪安 | B9: skin1 | C9: 音律联觉 | D9: 暮星安魂曲 | E9: https://media.prts.wiki/3/39/%E5%8D%8A%E8%BA%AB%E5%83%8F_%E8%95%BE%E7%BC%AA%E5%AE%89_skin1.png | F9: https://media.prts.wiki/3/3d/Skin_brand_%E9%9F%B3%E5%BE%8B%E8%81%94%E8%A7%89.png
A10: 死芒 | B10: skin2 | C10: 音律联觉 | D10: 晶化信念 | E10: https://media.prts.wiki/a/a2/%E5%8D%8A%E8%BA%AB%E5%83%8F_%E6%AD%BB%E8%8A%92_skin2.png | F10: https://media.prts.wiki/3/3d/Skin_brand_%E9%9F%B3%E5%BE%8B%E8%81%94%E8%A7%89.png
A11: 史尔特尔 | B11: skin3 | C11: 音律联觉 | D11: 超然序曲 | E11: https://media.prts.wiki/c/c1/%E5%8D%8A%E8%BA%AB%E5%83%8F_%E5%8F%B2%E5%B0%94%E7%89%B9%E5%B0%94_skin3.png | F11: https://media.prts.wiki/3/3d/Skin_brand_%E9%9F%B3%E5%BE%8B%E8%81%94%E8%A7%89.png
A12: 妮芙 | B12: skin2 | C12: 音律联觉 | D12: 繁花梦幻谈 | E12: https://media.prts.wiki/c/cd/%E5%8D%8A%E8%BA%AB%E5%83%8F_%E5%A6%AE%E8%8A%99_skin2.png | F12: https://media.prts.wiki/3/3d/Skin_brand_%E9%9F%B3%E5%BE%8B%E8%81%94%E8%A7%89.png
... A488: 讯使 | B488: skin1 | C488: 寒武纪™系列 | D488: 新航线 | E488: https://media.prts.wiki/2/25/%E5%8D%8A%E8%BA%AB%E5%83%8F_%E8%AE%AF%E4%BD%BF_skin1.png | F488: https://media.prts.wiki/5/53/Skin_brand_%E5%AF%92%E6%AD%A6%E7%BA%AA%E2%84%A2%E7%B3%BB%E5%88%97.png

Sheet 时装系列
A1: 时装系列 | B1: 品牌logo文件名 | C1: 品牌logo链接
A2: 0011™制造 | B2: Skin_brand_0011™制造.png | C2: https://media.prts.wiki/f/f2/Skin_brand_0011™制造.png
A3: 0011-飙系列 | B3: Skin_brand_0011-飙系列.png | C3: https://media.prts.wiki/7/7e/Skin_brand_0011-飙系列.png
A4: 0011-韵系列 | B4: Skin_brand_0011-韵系列.png | C4: https://media.prts.wiki/8/88/Skin_brand_0011-韵系列.png
A5: 冰原信使 | B5: Skin_brand_冰原信使.png | C5: https://media.prts.wiki/9/99/Skin_brand_冰原信使.png
A6: 缠梦古堡 | B6: Skin_brand_缠梦古堡.png | C6: https://media.prts.wiki/2/25/Skin_brand_缠梦古堡.png
A7: 成就之星 | B7: Skin_brand_成就之星.png | C7: https://media.prts.wiki/d/d7/Skin_brand_成就之星.png
A8: 错位巡礼 | B8: Skin_brand_错位巡礼.png | C8: https://media.prts.wiki/d/de/Skin_brand_错位巡礼.png
A9: 待予花冠 | B9: Skin_brand_待予花冠.png | C9: https://media.prts.wiki/3/3d/Skin_brand_待予花冠.png
A10: 斗争血脉 | B10: Skin_brand_斗争血脉.png | C10: https://media.prts.wiki/b/bc/Skin_brand_斗争血脉.png
A11: 寒武纪™系列 | B11: Skin_brand_寒武纪™系列.png | C11: https://media.prts.wiki/5/53/Skin_brand_寒武纪™系列.png
A12: 合作款 | B12: Skin_brand_合作款.png | C12: https://media.prts.wiki/f/fc/Skin_brand_合作款.png
... A26: 音律联觉 | B26: Skin_brand_音律联觉.png | C26: https://media.prts.wiki/3/3d/Skin_brand_音律联觉.png
